Route,Mode,Avg Frequency Mon 7-8,Avg Frequency Mon 12-1,Avg Frequency Mon 12-1,Morning 7-8 (Saturday),Daytime 12-1 (Saturday),Evening (Saturday),Morning 7-8 (Sunday),Daytime 12-1 (Sunday),Evening (Sunday),AM Peak Median Gap (min),PM Peak Median Gap (min),Weekly Total Services,Weekly Distance (km),Weekly Service Hours,Average Speed (km/h)
1,Tram,10.5,10,11,14.5,12,14,20.5,12.5,13.5,10,10,1612,21881,1228,17.82
1 (Geelong),Bus,20.5,20,33,41.5,38.5,31,38.5,35,35.5,20,20,558,13349,646,20.66
1 (Latrobe Valley),Bus,20,20,20,23.5,20,40,,20,,20,20,557,17493,404,43.3
1 (Seymour),Bus,,,,,,,,,,,25,11,92,4,23
Swanston/St Kilda Corridor,Tram,1.5,1.5,2,2,1.5,2,5,1.5,2.5,1,1,9267,24353,2222,10.96
1/6,Tram,5.5,5.5,6,7.5,6,7,17,6,7,5,5,2684,26644,1469,18.14
10 (Ballarat),Bus,58.5,60,59,40,40,,,80,,62,60,198,3098,136,22.78
10 (Geelong),Bus,38,62,52,62,91.5,,,84,,33,30,253,2670,76,35.13
109,Tram,9,10,10,14,10.5,14.5,29,12,20.5,8,8,1548,29876,1694,17.64
11,Tram,9.5,10,10.5,15.5,11,13.5,29.5,12,18,7,7,1428,18893,1233,15.32
11 (Ballarat),Bus,31.5,30,35.5,28.5,20,20,,,,29,31,368,3925,183,21.45
11 (Latrobe Valley),Bus,40,40,,40,40,,,40,,40,40,119,1489,60,24.82
12,Tram,7.5,10,10,14,10.5,16,27.5,12,18.5,7,8,1524,17282,1170,14.77
12 (Ballarat),Bus,29.5,30,41,39.5,39,40,,39,,30,26,353,4117,186,22.13
12 (Geelong),Bus,21.5,58.5,31,,39.5,,,40.5,,21,19,304,2346,88,26.66
12 (Latrobe Valley),Bus,,,,,,,,,,,80,45,327,10,32.7
12/109,Tram,4,5.5,5.5,7,5.5,8,16,6.5,10.5,4,4,3017,20338,1583,12.85
13 (Ballarat),Bus,62,60,80,40,40,,,80,,63.5,60,207,1496,72,20.78
13 (Latrobe Valley),Bus,,,,,,,,,,,118,40,309,13,23.77
14 (Ballarat),Bus,28,30,30,40,40,,,40,,31,33,373,2762,139,19.87
14 (Latrobe Valley),Bus,39.5,40,40,40,40,,,40,,40,40,142,2145,64,33.52
140A,Bus,20,20,27.5,40,40,40,40,40,40,20,20,572,5999,228,26.31
15 (Ballarat),Bus,39,30,31.5,40,40,40,,40,,40,40,362,3087,150,20.58
15 (Latrobe Valley),Bus,40,40,,40,40,,,40,,40,40,134,1751,49,35.73
150,Bus,23.5,40,33.5,40,40,59,40,40.5,60,22,20,452,4488,171,26.25
151,Bus,24,42.5,48.5,31.5,40,61.5,,39.5,60,28,21,385,4229,171,24.73
152,Bus,32,40,35,39,40,40,40.5,40,40,35,32,346,3042,128,23.77
153,Bus,21,20,19.5,40,20,34.5,40,20,34.5,20,20,687,7945,346,22.96
154,Bus,20,20,20,20.5,20,19.5,20.5,20,19.5,20,21,728,11229,569,19.73
16,Tram,11.5,12,14.5,16,12,13.5,27,12,23.5,11,11,1292,25089,1612,15.56
160,Bus,22,40,39.5,40,40,47,,40,47,20,20,430,2991,136,21.99
161,Bus,38,41,36.5,46,40,51,,40,51,40,33,342,6506,295,22.05
166,Bus,33,40.5,43,38.5,40,46.5,,40,46.5,30,35,354,4346,184,23.62
167,Bus,26.5,40,34,39.5,40,49.5,,40,49.5,29.5,32,396,5601,256,21.88
170,Bus,20,20,19,40,20.5,20,40,20.5,19.5,21,20,694,6538,250,26.15
18 (Geelong),Bus,79,60,,78,60,,62,60,,79,24,145,1273,31,41.06
180,Bus,21,20,20,40,20,20,40,20,20,20,20,713,7456,273,27.31
181,Bus,37.5,40,48,59,60,58.5,60,60,58.5,38,39,328,4730,211,22.42
182,Bus,20.5,40,34,50,40,40,40,40,40,21,20,409,5690,198,28.74
19,Tram,7,8,12,11.5,8,12,23.5,8,20,6,6,1873,14582,1063,13.72
190,Bus,21.5,20,22.5,32.5,40,40,40,40,40,20,20,675,4506,157,28.7
191,Bus,34.5,60,44.5,80,60,60,,60,60,39,40,293,4387,176,24.93
192,Bus,30,20,19.5,20,20,20,,20,20,33,20,651,6007,231,26
194,Bus,20,40,19.5,38.5,40,40,38.5,40,40,20,20,463,4107,263,15.62
2 (Latrobe Valley),Bus,40,40,40.5,40,40,40,40,40,40,40,40,312,5369,135,39.77
2 (Seymour),Bus,63.5,15,,,,,,,,63.5,20,50,345,16,21.56
20 (Ballarat),Bus,61.5,60,79,40,40,,,40,,63.5,52,214,1496,86,17.4
20 (Geelong),Bus,20.5,20.5,33,39.5,30,40.5,,35,50,20,20,492,4346,175,24.83
20 (Latrobe Valley),Bus,,,,,,,,,,,,35,139,6,23.17
200,Bus,16,20,29,31,30.5,30,31,32,28.5,18,16,649,11084,590,18.79
200/207,Bus,8,10,14,15.5,15.5,15,15.5,16.5,14,10,9,1325,16965,990,17.14
201,Bus,15.5,15,15,,,,,,,15,15,600,3450,158,21.84
207,Bus,16.5,20,27.5,31,30.5,29.5,31,31.5,28.5,20,15,676,12525,682,18.37
21 (Ballarat),Bus,29,30,43.5,20,20,22,40,39.5,,31,30,428,7173,273,26.27
21 (Latrobe Valley),Bus,41.5,40,,40,40,,,40,,40,40,228,2281,95,24.01
215,Bus,30,61,40.5,,59.5,60,,60,,33,30,293,5194,202,25.71
216,Bus,12,15,13.5,18,15,17,20.5,20,30,11,13,995,13287,757,17.55
22 (Ballarat),Bus,29.5,30,37,20,20,20,,40,,30,32,410,4611,211,21.85
22 (Geelong),Bus,22.5,20.5,28.5,29,38.5,35.5,41,30.5,29,21,21,523,9950,456,21.82
22 (Latrobe Valley),Bus,40,43.5,,40,40,,,40,,40,40,228,1709,76,22.49
220,Bus,13,15,13.5,17,15,14.5,20,20.5,25,9,12,991,15977,910,17.56
223,Bus,15,15,17.5,16,16,20.5,34.5,20,29.5,15,15,855,6262,378,16.57
23 (Ballarat),Bus,60,60,58,39,40,,,40,,63.5,61,210,1028,53,19.4
23 (Geelong),Bus,19.5,20,24.5,36.5,34.5,,,35.5,,20,21,480,4072,143,28.48
232,Bus,17.5,20,29,,30,40,,60,,13,14,538,8036,340,23.64
234,Bus,14.5,15,15,25.5,15,29.5,30.5,15,29.5,15,13,947,6559,445,14.74
235,Bus,10,10,10,20,20,20,20,20,20,8,8,1280,9235,422,21.88
236,Bus,45,39.5,,60,60,,,,,43,45,207,1796,113,15.89
237,Bus,9,10,10,,,,,,,8,8,1050,6053,274,22.09
24 (Ballarat),Bus,60,30,74,40,40,40,,40,,60,60,279,3193,162,19.71
24 (Geelong),Bus,42,46,68,63.5,61,,,60.5,,43,39,237,3777,173,21.83
241,Bus,10.5,10,17,30,30,30,,30,30,10,10,922,6729,548,12.28
246,Bus,10,10,15.5,23,15.5,15,30,15.5,24.5,11,11,1112,15245,855,17.83
25 (Ballarat),Bus,30.5,30.5,33,40,40,,,80,,30,36,356,4695,211,22.25
25 (Geelong),Bus,25.5,20,38.5,40.5,31,,,32,,20,20,484,5548,253,21.93
250,Bus,20.5,20,20.5,41,30.5,29.5,39,39.5,29.5,20,20,674,13325,714,18.66
250/251,Bus,11,10,10,20.5,15,19,39.5,20,30,10,11,1188,12813,828,15.47
251,Bus,22,20,19.5,40.5,31.5,28,,41,,22,21,514,7926,496,15.98
26 (Ballarat),Bus,30,30,28,40,40,40,,80,,32,30,350,3167,162,19.55
270,Bus,15,20,20,30,30,50.5,60,30,60,16,15,636,6691,301,22.23
271,Bus,21.5,30,28.5,58.5,30,58,60,60,59.5,22,20,464,9896,406,24.37
273,Bus,25.5,30,34,,60,,,,,25,23,298,3336,124,26.9
279,Bus,28,30,29.5,39.5,30,58.5,30,30,60,14,15,724,7785,306,25.44
280,Bus,64,59.5,,60.5,60,,,60,,60,59,80,2524,102,24.75
281,Bus,25,30,32,60.5,60,,,,,26,30,282,2624,131,20.03
281/293,Bus,21,15,37.5,54,30,,,60,,18,14,631,3150,184,17.12
282,Bus,61,59.5,,,59.5,,,59.5,,60,59,79,2464,100,24.64
284,Bus,37,45,,60,60,,60,60,,35,30,248,1585,72,22.01
285,Bus,32.5,41.5,,60,60,,60,60,,32,30,248,3388,140,24.2
293,Bus,23,30,48.5,58.5,60,,,60,,23,20,390,6626,267,24.82
295,Bus,30.5,30,,,59.5,,,59.5,,30,30,274,2380,103,23.11
3,Tram,11.5,12,13.5,15.5,12,13,29.5,12,22.5,11,12,1280,17118,1121,15.27
3 (Latrobe Valley),Bus,,,,,,,,,,,,80,1793,33,54.33
3 (Seymour),Bus,39,,,59.5,59.5,,,,,47,,42,957,25,38.28
30,Tram,10,12,14.5,21.5,15,15,21.5,15,19.5,10,10,1138,3634,284,12.8
30 (Ballarat),Bus,63,60.5,72,40,40,40,,,,60,63,203,4633,132,35.1
30 (Geelong),Bus,21,43.5,42.5,81.5,79.5,,,82,,22,20,407,4088,186,21.98
30 (Latrobe Valley),Bus,40,40,40,40,40,,40,40,,40,40,144,1150,38,30.26
301,Bus,10,10,9,,,,,,,10,10,730,3433,152,22.59
302,Bus,15,30,27.5,30.5,30.5,40.5,59.5,60.5,59.5,12,23,529,10442,486,21.49
302/304,Bus,9.5,15,14,15,15.5,40,31,30,59.5,7,11,937,15656,719,21.77
303,Bus,25.5,,,,,,,,,20,19,40,1320,49,26.94
Eastern Freeway Corridor,Bus,2,4,3,5,4.5,5,8.5,5,6.5,1,1,4654,18908,1280,14.77
304,Bus,21,30,27.5,30.5,31,,60.5,60.5,,13,20,408,7751,374,20.72
305,Bus,17.5,15,19,30,30,29.5,43,30,60,13,14,743,8233,354,23.26
309,Bus,13.5,,19,,,,,,,12,21,90,2154,93,23.16
31 (Ballarat),Bus,80,60,59,51,40,40,,,,80,42,187,1835,64,28.67
31 (Geelong),Bus,19.5,43.5,31,60,81.5,,,82,,21,20,407,4298,181,23.75
318,Bus,19,,,,,,,,,18,12,40,1120,44,25.45
32 (Geelong),Bus,60,43.5,58.5,78,59.5,,,59.5,,47,49,248,5350,186,28.76
343,Bus,19,40,30,,,,,,,19,20,365,5738,174,32.98
35,Tram,,12,,,12,,,12,,,12,259,2155,237,9.09
350,Bus,21,,,,,,,,,22,20,245,4610,238,19.37
356,Bus,19.5,40,25.5,40,38.5,41.5,40.5,40,40,20,20,468,3131,141,22.21
357,Bus,20.5,40,24,40,40,43.5,40,40,41.5,20,20,493,7499,363,20.66
358,Bus,20,40,29.5,40.5,39,39.5,40.5,40.5,40,20,20,468,3773,163,23.15
364,Bus,18,30,26,60,60.5,60,60,60.5,60,18.5,15,496,7749,264,29.35
370,Bus,31.5,30,60,60,60,,60,60,,30,30,326,2635,122,21.6
381,Bus,28,44.5,37,41,40,42,41.5,40,42,23,27,413,7772,302,25.74
382,Bus,35,39.5,37,41,40,42,37.5,40.5,41.5,27,22,444,13524,491,27.54
383,Bus,31,40,38,40,40,41,40,40,41,29,30,373,6488,261,24.86
384,Bus,,37.5,99,105,40,40.5,,40,37,41,103,237,2475,62,39.92
385,Bus,25.5,46,40,40,39.5,39.5,40,40,39.5,20,20,455,10341,331,31.24
386,Bus,20,40,31,40,40,40,38.5,40,40,20,20,497,9908,439,22.57
386/387,Bus,10,20,15.5,20.5,20.5,20.5,20,20.5,20.5,10,11,956,18145,798,22.74
387,Bus,20,40,32.5,40,40,40,39,40,40,20,20,459,8862,376,23.57
388,Bus,19.5,39.5,42,39,39,39,39,39,39,20,20,237,2893,145,19.95
389,Bus,18,41.5,34,,,,,,,21,20,185,2344,113,20.74
390,Bus,22.5,20,23.5,40,40,37.5,41,40,40,21,20,604,10668,357,29.88
4 (Latrobe Valley),Bus,,,,,,,,,,,,80,1674,27,62
4 (Seymour),Bus,,,,,,,,,,,,15,45,2,22.5
40 (Geelong),Bus,58,63,59.5,,,,,,,67,59,135,3102,128,24.23
40 (Latrobe Valley),Bus,60,60,60,60,60,,60,60,,60,60,95,807,30,26.9
400,Bus,28.5,39.5,30,41.5,41,53,,41.5,52,26,25,390,9055,353,25.65
402,Bus,10.5,10,9.5,30.5,20,23,29.5,20,23,10,10,1114,9436,722,13.07
404,Bus,20,40,,40,40,,,,,20,20,336,1812,102,17.76
405,Bus,23.5,20,19.5,36,40,40,39.5,40,40,23,19,571,3396,187,18.16
406,Bus,15,20,24.5,20,20,34.5,48,40,39.5,15,15,718,9263,460,20.14
407,Bus,35,35,35,,35,,,,,35,35,251,1624,63,25.78
408,Bus,20,20,36.5,43,20,50,,60,57,20,20,527,8516,457,18.63
409,Bus,36,40,39.5,40,40,43.5,,40,39.5,40,40,330,3311,173,19.14
41 (Geelong),Bus,26,49,41,63.5,63.5,,,64.5,,23,20,368,5618,251,22.38
41 (Latrobe Valley),Bus,58.5,58.5,55.5,58.5,59.5,,,59.5,,60,60,95,888,33,26.91
410,Bus,14,24.5,17.5,20,30,65,50,60,58,15,14,761,6455,334,19.33
411,Bus,28.5,40,51,81,79.5,79.5,,79.5,79.5,30,33.5,300,6620,250,26.48
411/412,Bus,15,20,25,41.5,40,52,,40,52,15,19,591,13680,508,26.93
412,Bus,31,40,59,80,80,64,,80,63.5,30,36,291,7060,257,27.47
414,Bus,41,40,40,80,80.5,,,,,41,40,221,3699,134,27.6
415,Bus,41,40,35.5,80.5,80,,,,,42,40,245,4384,145,30.23
417,Bus,43,60,,,,,,,,54,40,160,1815,64,28.36
418,Bus,22,40,51,40,40.5,52.5,,40.5,52.5,22,20,378,4195,192,21.85
419,Bus,23.5,40,35,60,60,51.5,,60,73,22,20,385,4510,202,22.33
42 (Geelong),Bus,22.5,21.5,46.5,54,60,65,,60,,22,21,451,7896,330,23.93
42 (Latrobe Valley),Bus,60,60,60,60,60,,,60,,60,60,95,832,30,27.73
420,Bus,19.5,20,28.5,40.5,20,40.5,45.5,20,45,22,20,650,11041,483,22.86
421,Bus,39.5,39.5,59,70,60,58.5,,60,62,39,40,287,5461,252,21.67
422,Bus,58.5,60,67.5,60,60,60,,60,,63,60,174,2194,92,23.85
423,Bus,30.5,40,54,61.5,40,,,40,,24,37,321,2730,108,25.28
424,Bus,37,40,55,61,40,60,,40,58,40,39,303,1861,74,25.15
425,Bus,39,40,39.5,59,40,68.5,55,59.5,60.5,37,37,325,3510,168,20.89
426,Bus,19.5,40,35,40,40,61,40,40.5,60,24,29,427,5822,223,26.11
426/456,Bus,12,20,18.5,19,21,29,38,20.5,28,13,14,781,8460,320,26.44
427,Bus,25.5,40,40,40,40,49.5,40,40,48,27,27,357,2596,105,24.72
428,Bus,26.5,40,40,39.5,40,43.5,,40,45.5,28,28,352,2017,92,21.92
429,Bus,29.5,38.5,34,38.5,38.5,47,,58,56,34,30,171,813,30,27.1
43 (Geelong),Bus,50,46,57.5,62,60.5,60,82,60,60,41,38,244,4737,175,27.07
43 (Latrobe Valley),Bus,60,60,60,60,60,,,60,,60,60,95,872,40,21.8
431,Bus,31,30,,30,30,,,,,30,30,310,1454,80,18.18
432,Bus,24,22.5,22.5,50.5,45,46.5,,45,46.5,30,20,484,7774,364,21.36
433 (Bacchus Marsh),Bus,21,58,46,33,32.5,29,33,32.5,29,22,21,447,4861,186,26.13
434 (Bacchus Marsh),Bus,21,72,20,40,40,40,40,40,40,20,20,332,2639,96,27.49
439,Bus,58,60.5,,60,60,,,60,,54,60,200,3112,97,32.08
44 (Latrobe Valley),Bus,60,60,60,60,60,,,60,,60,60,95,989,33,29.97
441,Bus,44,60,44,60,60,40,,60,,41,44,240,1094,41,26.68
443,Bus,70,58,63.5,58,58,56.5,,58,56.5,55,60,194,1473,76,19.38
444,Bus,31,40,39,40,40,40,40,40,40,25,30,376,1834,65,28.22
45 (Geelong),Bus,43.5,81,61,81,82,82,81,80,,46,43,216,3208,114,28.14
45 (Latrobe Valley),Bus,58.5,58.5,58.5,58.5,58.5,,46.5,58.5,,60,60,95,907,35,25.91
451,Bus,20,20,22,40,40,40,40,40,40,20,20,672,4707,228,20.64
452,Bus,20,40,31,40,40,39.5,40,40,39.5,20.5,26,432,6993,208,33.62
453,Bus,73.5,60,72.5,40,40,40,,40,40,77,60,249,3056,118,25.9
454,Bus,40.5,40,36.5,40,40,40,40,40,40,35,38,334,2187,88,24.85
455,Bus,80,60,60,40,40,40,,40,40,50,59,247,2934,113,25.96
456,Bus,35.5,40,40.5,40,40,57.5,40,40,58,35,33,354,11859,369,32.14
457,Bus,32,30,51.5,40,40,40,,40,40,39,30,377,4637,177,26.2
458,Bus,32,30.5,50.5,40,40,40,,40,40,38,28,377,4814,180,26.74
459,Bus,31,30,51,40,40,40,,40,40,35,31,377,3969,165,24.05
460,Bus,20,20,21,29.5,30.5,64.5,46,30,48,19,20,572,6963,271,25.69
461,Bus,35,40.5,59.5,40,40,55,40,40,64,34,31,331,3235,118,27.42
462,Bus,19.5,40,30.5,59.5,60,50.5,60,60,63,20,20,428,6708,292,22.97
463,Bus,20,40,34,40,40,38,39,39.5,37.5,20,20,445,3246,150,21.64
465,Bus,8,20,19.5,20,20,63.5,,40,46,8,10,885,7887,314,25.12
467,Bus,11.5,20,18,20,30,33,,29.5,33.5,11,12,675,2431,116,20.96
468,Bus,42.5,40,,,41,,,,,42,37,198,946,52,18.19
469,Bus,23.5,39.5,32,40,40,42.5,40,40,51,19,20,420,9622,429,22.43
471,Bus,19,20,26,40,40,47.5,,40,57.5,15,16,571,11376,518,21.96
472,Bus,15,14.5,25.5,30.5,21,43,,51,62,15,15,706,11828,619,19.11
475,Bus,20,20,22,40.5,40,38.5,40,40,38.5,20,21,564,6080,197,30.86
476,Bus,21.5,40.5,33.5,40,40,41.5,40,40.5,40.5,21,20,453,11158,503,22.18
477,Bus,20.5,20,24.5,40,40,58.5,50.5,40,50.5,20,20,558,12546,590,21.26
478,Bus,60,60,,,60,,,60,,60,60,180,1349,45,29.98
478/479,Bus,30,30,30,60.5,60,,60.5,60,,30,30,328,1375,54,25.46
479,Bus,60,60,60,,,,,,,60,60,148,3797,110,34.52
48,Tram,11.5,10,12,18,12,14.5,29.5,12,20,8,8,1322,18450,1158,15.93
481,Bus,29,80,27,40,40,40,,40,40,36,35,329,2244,88,25.5
482,Bus,60,,,,,,,,,60,60,80,953,35,27.23
483,Bus,82,20,,75,67.5,75,,,,83,51,140,4704,130,36.18
484,Bus,33.5,40,35.5,40,40,56,40,40,43.5,40,25,362,7276,251,28.99
485,Bus,27.5,40,39.5,40,40,40,,40,40,40,25,394,2991,102,29.32
486,Bus,25.5,40,27,40.5,40,40.5,,40,40.5,31,35,360,2737,90,30.41
487,Bus,37.5,40,27,40,40,40.5,,40,40.5,40,35,339,1923,84,22.89
488,Bus,30.5,80,27.5,40.5,40,41,,40,41,31,35,330,1675,70,23.93
489,Bus,31.5,80,27,40,40,40.5,,40,40.5,41,35,339,2320,84,27.62
49 (Geelong),Bus,,,,,,,,,,,,6,14,1,14
490,Bus,30,60,,,60,,,,,30,30,226,1000,38,26.32
494,Bus,19,40,32,40,39,41.5,40,39,41.5,20,22,452,3055,135,22.63
495,Bus,18,40,31,40,37.5,39.5,40,37.5,39.5,17,20,476,4013,185,21.69
496,Bus,42,60,54,60,60,60,,60,60,40,40,254,2543,114,22.31
497,Bus,22.5,40,31,40,40,40,,40,48.5,26,20,407,3860,160,24.12
498,Bus,41,40,50.5,60,60,60,80,60,60,41,33,330,4726,204,23.17
5,Tram,12,12,12.5,18,15,15.5,31.5,15,18,10,12,1120,14210,881,16.13
5 (Bendigo),Bus,33,32.5,31.5,59,60.5,60,,60.5,,28,30,350,8347,324,25.76
5 (Latrobe Valley),Bus,117,,,,,,,,,117,,85,2173,39,55.72
5 (Seymour),Bus,,,28,,,,,,,,28,20,230,9,25.56
5/64,Tram,6,6,11,9,7.5,14,15.5,7.5,15.5,6,6,2253,18772,1260,14.9
50 (Bendigo),Bus,49,60,34.5,,60,,,60,,52,30,235,2535,95,26.68
501,Bus,15,20,15,40,40,,40,40,,15,15,547,5231,157,33.32
503,Bus,20.5,20,20,40,19.5,,,,,20,20,435,3138,194,16.18
504,Bus,29.5,30,29.5,42,40,39,39,40,39,30,30,411,3505,231,15.17
505,Bus,24.5,20,31,40,39.5,41,40,39.5,41,22,20,521,3442,218,15.79
506,Bus,14,20,30.5,40,20,,,,,15,14,588,4526,252,17.96
508,Bus,19.5,20,20,40.5,30,34,,40,39.5,15,15,616,6696,404,16.57
509,Bus,,59.5,,,63.5,,,,,69,,72,299,22,13.59
51 (Bendigo),Bus,48.5,60,,70.5,60,,,,,56,60,154,2262,76,29.76
510,Bus,17,20.5,34,38,29.5,40,,40.5,43,19,20,545,6957,371,18.75
511,Bus,48.5,40,38.5,40,40,40,40,40,40,42,39,357,6957,162,42.94
512,Bus,21,20,,60,40,,,,,20,21,373,2378,125,19.02
513,Bus,32,40,54,39.5,40,45.5,47,40,48,31,28,428,9941,468,21.24
513/514,Bus,16,20,23.5,36.5,37.5,41.5,40,37,41.5,16,15,806,22254,1074,20.72
514,Bus,31.5,40.5,37.5,40,41,46,42.5,40,47,31,30,378,12592,621,20.28
517,Bus,19.5,20,18,39,40,39.5,40,40,39,20,20,586,11198,488,22.95
518,Bus,37,39.5,39,40,40,40,40,40,56.5,38,40,323,1838,86,21.37
52 (Bendigo),Bus,39.5,30,35,106.5,59.5,103.5,98.5,59.5,,31,30,329,3550,146,24.32
52 (Geelong),Bus,44,72.5,65,54.5,62.5,87,,60.5,,60,56,231,5784,169,34.22
524,Bus,27.5,40,34,40,40,40,40,40,40,30,30,348,5154,182,28.32
525,Bus,28.5,39.5,31,40,37,39.5,40.5,37,39.5,32,28,464,10968,401,27.35
526,Bus,33.5,30,33,30,30,,,,,34,30,312,1486,71,20.93
527,Bus,18,20,28,20,20,54,,54,51,18,18,585,7757,437,17.75
528,Bus,20,20,26,39,40,41.5,40,40,40,20,20,596,5997,239,25.09
529,Bus,16,20,21.5,40,40,40.5,40,40,40.5,19,20,613,5954,238,25.02
53 (Bendigo),Bus,29.5,29.5,31.5,63,60,60,96.5,60,,30,30,328,2361,109,21.66
53 (Geelong),Bus,29,29,39.5,37,29.5,53.5,38.5,30,60,29,28,396,9501,319,29.78
530,Bus,30.5,30,29.5,40,40,42.5,40,40,42.5,30,29,409,5283,272,19.42
531,Bus,63.5,60,60,,,,,,,62,57,150,1557,65,23.95
532,Bus,22.5,30,30,30,30,32,60,60,62.5,22,20,458,6866,216,31.79
533,Bus,17,20,21,40,40,41,40,40,41,20,20,618,3427,142,24.13
534,Bus,31.5,30,32.5,38,40,41.5,40,40,42,30,30,408,4141,213,19.44
536,Bus,29,30,33.5,40,40,40.5,40,40,50,30,31,422,2333,123,18.97
537,Bus,20,20,22.5,40,40,40.5,40,40,39.5,20,20,600,2919,118,24.74
538,Bus,40.5,40,37,40,40,,,,,40,40,225,1433,71,20.18
54 (Bendigo),Bus,47.5,60,41,55,60,,,,,47,32,213,2796,102,27.41
54 (Geelong),Bus,58.5,64,62.5,66,58.5,78.5,,61,,61,66,205,4586,156,29.4
540,Bus,20,20,19.5,40,40,44,40,40,60,20,20,534,4972,168,29.6
541,Bus,21.5,20,21,40.5,40,38.5,,40,43.5,20,20,534,11830,469,25.22
542,Bus,40,38.5,49,40,40,41,,60,60,40,40,287,4370,232,18.84
543,Bus,21,30,26,40,40,49,40,40,40,21,20,520,9512,395,24.08
544,Bus,30.5,30,31,40,30,29.5,40,30,29.5,30,30,434,3365,118,28.52
546,Bus,29,20,26,40,39.5,43.5,40,39.5,43,24,20,506,6970,397,17.56
548,Bus,20.5,30,54,40,42,,,,,10,20,425,6139,275,22.32
549,Bus,30.5,30,,40,40,,,,,30,39,263,1460,78,18.72
55 (Bendigo),Bus,31.5,30,38,51,60,,,60,,36,30,306,4821,174,27.71
55 (Geelong),Bus,43.5,59.5,87.5,88,81.5,83.5,,75.5,,57.5,60,176,7037,201,35.01
550,Bus,30,30,,,40,,,,,30,30,248,1296,68,19.06
551,Bus,21.5,30,20,,,,,,,16,17,360,2315,101,22.92
552,Bus,18,15,34.5,24.5,16.5,45,,45,45,15,15,634,8613,445,19.36
553,Bus,30,39.5,59,30,39.5,60,,60,60,30,30,342,3300,162,20.37
554,Bus,29.5,29.5,27,29.5,29.5,31.5,,29.5,30,30,19,253,2144,104,20.62
555,Bus,23.5,22.5,23.5,30,30,45,,45,45,22,22,502,6799,356,19.1
556,Bus,21.5,22,27.5,30,30,50,,45,45,22,22,497,9669,462,20.93
557,Bus,23.5,29.5,31.5,30,29.5,29.5,,29.5,29.5,21.5,30,244,2002,96,20.85
558,Bus,16.5,53.5,26.5,25,24.5,,,,,24,25,192,1602,72,22.25
559,Bus,22,22.5,19.5,19.5,19.5,,,,,23,20,237,1710,78,21.92
56 (Geelong),Bus,88.5,98.5,94.5,83.5,79.5,65,,78.5,,95,75,156,6518,177,36.82
561,Bus,21,19.5,18.5,39,40.5,39.5,,41.5,40,20,20,608,11573,581,19.92
564,Bus,30,30,27.5,40,40,40,,40,40,30,30,412,3414,152,22.46
566,Bus,25,24.5,23,38.5,40,40,39.5,40,39,25,24,512,15208,677,22.46
567,Bus,22,21.5,19,30,31,27,41.5,38,40,22,22,527,6551,322,20.34
569,Bus,31.5,30,27,40,40,40,,40,40,30,30,404,3398,174,19.53
57,Tram,8.5,8,11,12,8.5,12.5,20,10,17,7,7,1568,19893,1159,17.16
570,Bus,20,20,19.5,40,40,40,39.5,40,40,20,20,541,3139,144,21.8
577,Bus,18,30,23,40,51.5,40,,56.5,44,19,20,482,3916,165,23.73
578,Bus,31,60,55.5,59,60,60,60,60,60,30,31,295,4516,123,36.72
579,Bus,29.5,60,56.5,60,60,59,,60,59,29,30,294,3921,118,33.23
58,Tram,7.5,10,9.5,12,10,12,18.5,10.5,12,7,7,1752,23157,1570,14.75
580,Bus,27,29.5,26,31.5,29.5,29.5,,59,62,34,28,408,3562,140,25.44
582,Bus,21.5,20,20.5,19.5,20,20,19.5,20,20,20,20,326,2599,89,29.2
59,Tram,9,8,11,12.5,8.5,13,26,10,14.5,7,7,1695,32417,1399,23.17
6,Tram,11.5,11.5,12,14.5,12,13.5,21,12.5,15,11,10,1380,27335,1503,18.19
6 (Latrobe Valley),Bus,,,,,,,,,,,,25,742,15,49.47
60 (Bendigo),Bus,54.5,60,,,60,,,,,53,60,158,1483,59,25.14
60 (Geelong),Bus,64,50,54,73,80.5,,,81,,48,39,246,10528,261,40.34
600,Bus,27.5,30,46.5,58.5,60,70,44.5,49,40,30,32,455,8688,343,25.33
600/922/923,Bus,15,22.5,22.5,32,20,42.5,33.5,30.5,40,15,15,798,16786,691,24.29
601,Bus,3,4,6.5,,,,,,,3,3,2420,6984,256,27.28
603,Bus,23,20,33.5,42,20,31.5,30,31,39.5,22,20,616,8171,429,19.05
604,Bus,23,19.5,28,30.5,20,24.5,31.5,30,41.5,21,20,636,5959,463,12.87
605,Bus,21,20,17.5,41,40.5,59.5,,61,61.5,18,17,496,8296,517,16.05
606,Bus,31.5,30,29.5,60,59,60,,60,60,30,29,368,5480,255,21.49
609,Bus,,60,,,,,,,,,,50,398,26,15.31
61 (Bendigo),Bus,28.5,30,35.5,55,59,,,60,,30,30,332,3147,136,23.14
61 (Geelong),Bus,56.5,58,60,,85,80.5,,84,,38,70,211,7118,211,33.73
612,Bus,27.5,31,34,60,60,,60,60,,25,23,361,7008,332,21.11
62 (Bendigo),Bus,62,59.5,,53,60,,,60,,55,60,177,1421,62,22.92
623,Bus,29.5,30,41.5,63,60,60.5,,60,59.5,29,30,367,8199,399,20.55
624,Bus,33,42,51.5,57,60,58.5,,60,60,30,29,420,9470,494,19.17
625,Bus,31,30,29.5,60,60,62.5,,60,69.5,31,30,360,4737,233,20.33
626,Bus,34.5,30,30.5,60,60,66,60,60,67,30,30,351,4889,250,19.56
627,Bus,31.5,29.5,31,39.5,40,33,,39.5,33.5,31,30,412,3979,194,20.51
63 (Bendigo),Bus,29,30,34.5,,,,,,,33,30,270,1700,79,21.52
630,Bus,12.5,20,23,30.5,30,36,51,40,44,12,12,746,11335,510,22.23
631,Bus,20.5,30,32.5,40.5,40,51.5,60.5,60,57.5,20,20,457,10575,471,22.45
64,Tram,11.5,12,12,17.5,15,15,29,15,15.5,11,11,1205,15717,892,17.62
64 (Bendigo),Bus,,60.5,,,,,,,,60,60,95,738,35,21.09
65 (Bendigo),Bus,53,62.5,,,60,,,,,51,67,159,841,27,31.15
663,Bus,29.5,56.5,32.5,50,63,56.5,59,63,56.5,30,30,316,9875,252,39.19
664,Bus,20,29,26.5,29,29,52,51,65,55.5,21,19,484,9775,412,23.73
668,Bus,20,30,26,61,60,56,61,60,,23,20,448,5675,226,25.11
669,Bus,20.5,30,23,60.5,60,55.5,60,60,,22,20,443,3595,149,24.13
67,Tram,12,12,13,18,15,16.5,31,15,25,11,11,1241,17992,1150,15.65
670,Bus,17.5,15,27.5,48,40,66.5,,60,52,15,15,675,11182,464,24.1
671,Bus,30.5,61,,,60,,,,,31,30,208,1653,62,26.66
672,Bus,29,60,67,,60,,,,,30,30,223,3314,124,26.73
675,Bus,60,60,,,,,,,,60,60,135,510,18,28.33
677,Bus,29,61,,,57.5,,,,,30,30,213,1505,50,30.1
679,Bus,20.5,31.5,32,53,62.5,62,75,62,58.5,22,21,448,13030,421,30.95
680,Bus,32,60,30,,,,,,,37,30,210,1942,70,27.74
681,Bus,41.5,88.5,,,83.5,,,84.5,,48,40,92,2134,79,27.01
682,Bus,51,78.5,,,79.5,,,82.5,,80,26,85,1963,73,26.89
683,Bus,34.5,57.5,54,60,60,63.5,,60,63.5,36,30,288,11481,289,39.73
684,Bus,,,,,,,,,,61,,34,3108,53,58.64
685,Bus,46,40,48,59,40,63,,60,64,38,40,306,11197,244,45.89
688,Bus,34,48,46.5,56.5,64,66,,60,63,27,28,376,10574,331,31.95
689,Bus,61.5,60.5,,,59,,,,,73,57,148,1308,47,27.83
690,Bus,25.5,40,46,78,60.5,65.5,,60.5,59,27,31,320,4968,194,25.61
691,Bus,22,30,29.5,40,41.5,31,60,61.5,,22,20,424,10294,375,27.45
693,Bus,22.5,30,34,57,60,67,,60,66.5,22,20,468,12784,432,29.59
694,Bus,,60,,,97,,,,,,,74,1172,31,37.81
695,Bus,32,30,60.5,,43.5,83,,104,84,30,30,337,8364,209,40.02
696,Bus,,60,,,,,,,,,,60,496,22,22.55
697,Bus,34.5,59.5,28.5,,,,,,,40,25,257,1355,50,27.1
699,Bus,,87,,,,,,,,47,,74,745,38,19.61
70,Tram,11,10,12,17,12,14,23,12,19,10,10,1355,21334,1293,16.5
70 (Bendigo),Bus,32.5,60,,60,60,,,,,34,31,202,3218,99,32.51
701,Bus,31.5,29.5,64.5,60,60,57.5,,60,61.5,32,30,353,3285,162,20.28
703,Bus,17.5,14.5,27,30.5,31,27.5,44.5,30,26.5,16,15,865,21499,1018,21.12
704,Bus,30,39,38,40.5,40,35,36,40,38,30.5,30,361,3987,213,18.72
705,Bus,41,,,,,,,,,41,44,80,1161,46,25.24
706,Bus,,86,,,,,,,,,,30,184,7,26.29
708,Bus,27,30,48,61,59.5,56.5,,58.5,59,30,31,415,11221,531,21.13
709,Bus,32,30,40.5,26,30.5,37,,30,39,31,29,418,6969,279,24.98
71 (Bendigo),Bus,81,29,,,25.5,,,,,84,22,36,539,14,38.5
72,Tram,11,12,12,17.5,12,14.5,29,12,18,10,10,1314,20437,1277,16
732,Bus,19,18,18.5,52.5,31.5,53,54,50.5,47.5,18,16,1808,19935,657,30.34
733,Bus,20.5,21,28.5,28.5,30.5,33,38,40,40,15,15,684,12404,650,19.08
734,Bus,22,31,40,60,60.5,54.5,,60,60.5,21,20,426,4384,191,22.95
735,Bus,33,30,53,60,59.5,66.5,,59.5,60,33,30,334,5428,237,22.9
736,Bus,32.5,40.5,42.5,38,41,57.5,,53,67,32,30,363,9615,372,25.85
737,Bus,23.5,35,25,47,44.5,42,40,43,42,22,20,515,15973,620,25.76
738,Bus,31,66,49,,63.5,63,,59,76.5,32,29,289,3207,135,23.76
740,Bus,27,,,,,,,,,27,40,50,266,14,19
742,Bus,21,30.5,30.5,51,39.5,45,,59.5,53,21,25,471,11154,522,21.37
745,Bus,,,,,,,,,,,,20,156,4,39
75,Tram,11,10,13,18,12,14.5,27.5,12,20,10,10,1391,31196,1687,18.49
753,Bus,21.5,30.5,48,58,58,59.5,,60.5,60,19,22,448,8745,326,26.83
754,Bus,30.5,50.5,60.5,77,60,60,,60,56.5,35.5,25,379,5286,202,26.17
755,Bus,31,36.5,51.5,60.5,58.5,60,,60,55.5,32,27,359,7643,292,26.17
757,Bus,43,79,,,,,,,,83,76,80,663,26,25.5
758,Bus,,114,,,,,,,,83,76,70,434,19,22.84
760,Bus,37.5,40,40.5,60,60,59.5,59.5,60,62,39,40,310,6394,202,31.65
765,Bus,22.5,34,62,29.5,37,64.5,,61.5,58.5,21,19,434,6840,324,21.11
766,Bus,26.5,30,30,30,30,30,30,30,30,30,30,442,3512,192,18.29
767,Bus,22,20,23,31.5,29,38,44,40,39.5,21,20,562,13291,680,19.55
770,Bus,54,59.5,35.5,60,56.5,69.5,,60,64.5,50,36.5,319,2284,101,22.61
771,Bus,39,40.5,58.5,60,60,62,,60.5,61,40,40,284,3625,153,23.69
772,Bus,58.5,60.5,,,60,,,,,61,58,162,1262,45,28.04
773,Bus,49.5,60,48,,98,,,,,49,38,184,892,32,27.88
774,Bus,,60,,,,,,,,,67,130,499,24,20.79
775,Bus,27.5,50,58.5,,60,61,,60,60.5,24,35,294,1926,87,22.14
776,Bus,111.5,,,,,,,,,112,61,76,1158,34,34.06
777,Bus,,,,,,,,,,,,20,54,2,27
778,Bus,44.5,60,,,,,,,,48,60,150,1036,43,24.09
779,Bus,66.5,61.5,65.5,,70,60,,60,59,61.5,54,214,1617,65,24.88
78,Tram,12,12,16,15,14.5,16,29,15,26,12,12,1076,7305,503,14.52
780,Bus,44.5,60,57,83,60,62,,60,60,34,43,261,2374,98,24.22
781,Bus,62.5,60.5,57,60,60.5,57.5,60,59.5,61,61,59,246,9351,278,33.64
781/784/785,Bus,23,20.5,19.5,20,20,19.5,20.5,20,20,21,19,731,8772,276,31.78
782,Bus,69.5,,59,73,60.5,67,,61,80.5,62,39,222,10340,240,43.08
782/783,Bus,48,61,53,73,55.5,59.5,,55.5,60,54,32,256,6904,174,39.68
783,Bus,95,119,,,,,,,,95,,40,1086,30,36.2
784,Bus,60,60,55,58.5,60,58.5,65,60.5,59.5,60,60,243,5625,199,28.27
785,Bus,64,60.5,65.5,58.5,62,59.5,59.5,61,60,60,61,242,5095,174,29.28
787,Bus,60,60,,,,,,,,60,,88,2045,74,27.64
788,Bus,33,33,37,42.5,44,43.5,48.5,44,43,30,30,465,26245,752,34.9
789,Bus,41.5,40,37,95,80,80,,80,80,48,44,283,3280,130,25.23
789/790/791,Bus,10.5,10,9.5,26,20,20.5,40,20,20.5,11,10,1138,8150,318,25.63
790,Bus,43,40,37.5,88,80,82,70,80,82,44,40,293,2885,120,24.04
791,Bus,20,20,19,49.5,40,40.5,,40,40.5,20,20,562,11113,369,30.12
792,Bus,44.5,40,54,39.5,40,59.5,37,40,59.5,43,40,314,5840,174,33.56
795,Bus,96.5,,,,,,,,,97,40,50,1443,33,43.73
796,Bus,,,,,119,,,119,,,90,117,1470,41,35.85
798,Bus,20,20,19.5,39.5,20,22.5,40,20,22.5,20,20,691,10873,438,24.82
799,Bus,42.5,40,53,41.5,40,60,,40,73.5,40,40,310,2881,128,22.51
80 (Warragul),Bus,40,40,,,40,,,40,,40,41,236,1368,57,24
800,Bus,20,20,40,40,30,40,39.5,30,40,20,20,524,9656,446,21.65
802,Bus,50.5,41,38,,,,,,,45,41,210,4994,217,23.01
802/804/862,Bus,15.5,13.5,37,57.5,30,56.5,,61,59.5,14,14,704,18289,804,22.75
804,Bus,46,40,35,59.5,58,,,,,42,37,202,5508,251,21.94
81 (Warragul),Bus,39.5,40,,,40,,,40,,40,41,236,1204,49,24.57
811,Bus,65.5,60,60,63,61,57.5,,60.5,63,68,55,235,9131,408,22.38
811/812,Bus,41,36,57.5,56.5,60.5,56,,60,60.5,30,31,461,15288,662,23.09
812,Bus,67,59.5,51,71,60,53.5,,60.5,60,61,61,226,6217,257,24.19
813,Bus,43,39,55,68,61,58,,61,58,43.5,39,293,5932,268,22.13
814,Bus,61.5,60,57,60,60,,,,,60,58,148,2538,130,19.52
814/848,Bus,34.5,32,45,37,33,60,,60,60.5,31,29,362,3842,186,20.66
816,Bus,31,60,58,60,61,59.5,,61,59.5,30,30,288,2496,110,22.69
82,Tram,15,15,13.5,16,15.5,17,31,16,18.5,15,12,1020,9281,512,18.13
82 (Warragul),Bus,40,40,,,40,,,40,,40,41,234,1342,51,26.31
822,Bus,31.5,29.5,43.5,41.5,40.5,55.5,,60.5,58,31,30,390,7008,342,20.49
823,Bus,58.5,72.5,,,,,,,,58,58,130,1305,68,19.19
824,Bus,27.5,27.5,45.5,47,50.5,59,,61.5,69.5,20,21,516,9739,453,21.5
825,Bus,20,19.5,38.5,38,33.5,59,,58,65,20,20,502,6998,323,21.67
828,Bus,22,19.5,29,47.5,39.5,44,78,59.5,64.5,22,20,559,20577,931,22.1
83 (Warragul),Bus,40,40,,,40,,,40,,40,41,234,1297,53,24.47
831,Bus,21,20,43,39.5,40,40,41.5,40,41,21,20,536,7801,312,25
832,Bus,30.5,30,36,61,60,62,,60.5,54,30,30,373,6396,231,27.69
833,Bus,30,30,42,40.5,40,40.5,,60,58,31,30,421,10663,417,25.57
834,Bus,22,39,20,75,40.5,62,,60,66.5,22,21,457,6432,246,26.15
835,Bus,24,40,19.5,76,41,49.5,,59.5,64.5,22,20,462,8907,339,26.27
836,Bus,50.5,59.5,65,79,60,61.5,,60,59.5,63,58,224,2510,92,27.28
837,Bus,55.5,60.5,55.5,69,60.5,60.5,,60,60.5,60,57,213,2165,80,27.06
838,Bus,,119,,,,,,,,,,30,906,23,39.39
839,Bus,45,40,38,39,60,56,,60,59,46,38,286,2061,78,26.42
840,Bus,,,,,,,,,,,59,51,1013,29,34.93
841,Bus,34.5,40.5,29,54.5,40,50,,60.5,65.5,32,24,362,7166,261,27.46
842,Bus,,60,,,,,,,,,,50,540,21,25.71
843,Bus,30,30,29.5,,30,33.5,,40,42,29,30,408,5271,252,20.92
843/845,Bus,17,17,17,22.5,17,18.5,,22.5,24,15,15,811,6545,337,19.42
844,Bus,29,29.5,,60.5,60,,,,,30,30,278,1612,94,17.15
845,Bus,30,30,29.5,27.5,30,33,,40,42,30,30,403,5149,259,19.88
846,Bus,59,60,56.5,79,60,61.5,,56,60,54.5,57,214,1741,68,25.6
847,Bus,33.5,40,51.5,68.5,60,64.5,,60,64,34,28,314,3372,158,21.34
848,Bus,66,60.5,60,59,60.5,61.5,,60,61,60,58,214,3878,170,22.81
85 (Warragul),Bus,40,39.5,,,39.5,,,,,40,41,297,2531,78,32.45
850,Bus,31,30,33.5,61.5,59,58.5,,57.5,59,31,29,356,6747,323,20.89
855 (Latrobe Valley),Bus,,,,,,,,,,,,38,2460,41,60
857,Bus,52.5,61,,63,60,,,,,44,44,214,3475,120,28.96
858,Bus,30.5,30,60.5,60.5,61,51.5,59,60,52,31,31,328,3299,131,25.18
86,Tram,8,8,12.5,15,10,12,24.5,10,19,8,8,1683,35576,2213,16.08
86 (Warragul),Bus,42.5,40,,,40,,,,,41,41,181,1221,45,27.13
861,Bus,31,30,30,25,30.5,27.5,,40,39.5,30,30,372,4642,249,18.64
862,Bus,43.5,40,39.5,69.5,60.5,57,,61.5,61.5,41,40,292,7908,341,23.19
863,Bus,38.5,40,35,41.5,40,54.5,50,40,54.5,40,39,323,5946,234,25.41
881,Bus,40.5,40,38.5,40,40,40,41.5,40,40,40,40,334,3650,143,25.52
885,Bus,36,30.5,,,59,,,,,34,32,262,2486,114,21.81
886,Bus,61,61.5,54.5,60,57.5,62,73.5,58,64.5,61,58,233,5023,159,31.59
887,Bus,57,60,58.5,,,,,,,58,61,174,7094,141,50.31
888,Bus,68.5,59.5,62,66,63,50,56,57,58,66,60,220,2344,91,25.76
889,Bus,43,40,40.5,38.5,40,41,43.5,39.5,41.5,47,41,326,2667,101,26.41
890,Bus,38.5,40,61,60,60,59.5,60,60,59.5,40,40,291,3904,145,26.92
891,Bus,40,40,52.5,40,40,50,,40,50,40,40,319,4426,180,24.59
892,Bus,30,30,29,60,60,65,60,60,65,30,30,385,6134,265,23.15
893,Bus,21,20,18.5,20,20,29,,20,29,20,20,616,12270,463,26.5
894,Bus,39.5,40,35.5,77,60,60,,60,60,42,30,319,3745,139,26.94
895,Bus,40,40,37,76,60,60,,60,60,43,32,324,3487,142,24.56
897,Bus,22,20,18.5,20,20,23.5,,20,23.5,20,20,626,11602,439,26.43
898,Bus,21,20,23.5,42,40,50.5,,40,50.5,20,20,532,5925,278,21.31
899,Bus,36.5,43,47.5,46.5,40,47.5,,40,58.5,42,36,303,2747,111,24.75
900,Bus,11,15,13,31,29.5,29,28,29.5,29,10,10,957,20944,850,24.64
901,Bus,15,14.5,12.5,28,31,28.5,27.5,30,28,15,15,1109,98159,3558,27.59
902,Bus,16,15,13,28.5,30.5,29,29,31.5,29.5,17,15,951,64349,2562,25.12
903,Bus,12.5,14.5,13,25.5,28,26.5,26.5,31.5,27,12,10,1226,78181,3659,21.37
905,Bus,13,15.5,14,19,15,14.5,24,15,14.5,11,13,989,25106,904,27.77
906,Bus,12.5,15,14,30.5,30.5,30,30,30.5,29.5,7,13,915,30308,910,33.31
907,Bus,11,15,14,23.5,15,14.5,27.5,15.5,29,8,11,1052,27237,1022,26.65
908,Bus,13,15,14,30,30,29,30,31,29.5,11,13,874,10946,376,29.11
922,Bus,62,60,75.5,67.5,60,,,79.5,,65,56,180,4366,191,22.86
923,Bus,52,60,57,,60,,,80,,59,59,163,3775,159,23.74
925,Bus,60,60,59.5,59,60,61.5,,60,59,60,60,234,2629,95,27.67
926,Bus,71,65,56.5,70.5,59.5,52,,60,51.5,64,58,244,5364,175,30.65
927,Bus,60,60,60.5,77.5,60,66.5,,60,66.5,66.5,55,219,1441,53,27.19
928,Bus,41,38.5,40,41.5,40,39.5,43,40,39,38,39,347,7570,304,24.9
929,Bus,70,60,54.5,77.5,60,60,,60,59.5,64.5,58,228,1168,43,27.16
941,Bus,,,,,,,,,,,,20,285,9,31.67
943,Bus,,,,,,,,,,,,19,580,16,36.25
947,Bus,,,,,,,,,,,,21,242,8,30.25
949,Bus,,,,,,,,,,,,10,252,9,28
951,Bus,,,,,,,,,,,,14,159,7,22.71
953,Bus,,,,,,,,,,,,16,266,8,33.25
959,Bus,,,,,,,,,,,,21,380,14,27.14
96,Tram,7.5,8,10.5,15,10,11.5,24.5,10,18,6,7,1742,25358,1548,16.38
965,Bus,,,,,,,,,,,,10,606,14,43.29
967,Bus,,,,,,,,,,,,22,574,20,28.7
978,Bus,,,,,,,,,,,,20,304,9,33.78
979,Bus,,,,,,,,,,,,20,333,11,30.27
981,Bus,,,,,,,,,,,,18,638,18,35.44
982,Bus,,,,,,,,,,,,18,545,18,30.28
Alamein,Metro Train,19,15.5,28.5,20,20,24,32,20,24,19,15,864,8221,257,31.99
Albury,V/Line Train,,,,70,,,,,,,,39,13345,144,92.67
Ararat,V/Line Train,43,,82,86,,,84.5,,,43,80,70,13811,168,82.21
Avalon City Express,SkyBus,,90,,,90,,,90,,,35,98,5354,114,46.96
Bairnsdale,V/Line Train,,,,,,,,,,,,42,11401,165,69.1
Ballarat,V/Line Train,50.5,50.5,41,43.5,60,45,43.5,60,45,40,27,395,42733,575,74.32
Belgrave,Metro Train,22,30,36,34,20,61,30,20,61,10,15,763,29255,749,39.06
Belgrave/Lilydale,Metro Train,8.5,12.5,13,21,10,20.5,38,10,20.5,5,6,1999,43567,1184,36.8
Bendigo,V/Line Train,31,89.5,56.5,106,79.5,79.5,98,79.5,65,29,37,228,35375,429,82.46
Craigieburn,Metro Train,9,20,14.5,20,20,20,28.5,20,20,8,8,1148,32355,848,38.15
Cranbourne,Metro Train,13,20,17.5,21,20,20,25.5,20,20,10,12,975,40379,880,45.89
Cranbourne/Pakenham,Metro Train,6.5,10,8.5,10.5,10,10,13.5,10,10,4,5,2133,58846,1430,41.15
Eastern Express,SkyBus,61,51.5,47.5,60,62.5,60,60,62.5,60,57,30,298,13731,375,36.62
Echuca,V/Line Train,,,,,,,,,,,,50,10243,134,76.44
Frankston,Metro Train,8,10,9.5,20,10,15.5,39.5,10,15.5,5,10,1737,74966,1864,40.22
Geelong,V/Line Train,20,25.5,36.5,37,22.5,26,33,22.5,26,20,19,709,64543,931,69.33
Glen Waverley,Metro Train,10.5,15,18.5,20.5,20,26,45,20,26,9,12,983,21661,620,34.94
Hurstbridge,Metro Train,9.5,22,19,23,22,23.5,28,22,23.5,7,11,1047,33588,982,34.2
Hurstbridge/Mernda,Metro Train,3.5,10,10,10.5,10,11,13.5,10,11,3,4,2123,15549,557,27.92
KM1 (Kilmore),Bus,34,61,37.5,50,64,,50,57,,30.5,32,315,3466,114,30.4
Lilydale,Metro Train,11.5,19.5,21,38,20,31.5,46.5,20,31.5,8,11,1236,36846,955,38.58
Maryborough,V/Line Train,,,,,,,,,,,,28,2935,41,71.59
Melbourne City Express,SkyBus,10.5,10,13.5,10.5,10,13.5,10.5,10,13.5,10,10,1533,34836,869,40.09
Melton,V/Line Train,39.5,20,41.5,40,65.5,40,40,65.5,40,20,21,551,20053,352,56.97
Mernda,Metro Train,9.5,20,20,22,20,21.5,28.5,20,21.5,6,9,1081,35961,1013,35.5
Pakenham,Metro Train,13.5,20,17,22,20,20,26.5,20,20,8,7,1158,60193,1256,47.92
Peninsula Express,SkyBus,66.5,60,55,99.5,78,90,99.5,78,90,61,60,176,12278,331,37.09
Sandringham,Metro Train,8,10,10,20,20,20,30,20,20,8,8,1296,22983,650,35.36
Seymour,V/Line Train,71.5,115,54,,,,,,,78,34,99,9771,152,64.28
Shepparton,V/Line Train,77,,118,,,,,,,79,109,88,16014,231,69.32
Stony Point,Metro Train,105,97.5,,97.5,,100,115,,100,107,109,124,3810,76,50.13
Sunbury,Metro Train,6.5,11,11,15.5,11,13,18,11,13,4,5,1930,55545,1240,44.79
Sunshine Express,SkyBus,31,30,30,31,30,30,31,30,30,30,30,518,9156,294,31.14
Swan Hill,V/Line Train,,,,,,,,,,,,28,9680,131,73.89
The Overland,Interstate Train,,,,,,,,,,,,4,3265,43,75.93
Traralgon,V/Line Train,55,44,55,53.5,45,55,39.5,45,55,41.5,40,318,49208,746,65.96
Upfield,Metro Train,16,20,20,20,20,20,28.5,20,20,16,17,863,18060,524,34.47
W12 (Wallan),Bus,,,35,,,,,,,,33,35,526,19,27.68
W88 (Warragul),Bus,101.5,,,,,,,,,91,28,91,3620,72,50.28
WN1 (Wallan),Bus,,60,,60,60,,,,,,,140,776,30,25.87
WN2 (Wallan),Bus,,60,,60,60,60.5,,,,,,148,968,29,33.38
WN3 (Wallan),Bus,,,30.5,,,,,,,,27,100,217,6,36.17
Warrnambool,V/Line Train,,,,119,,117.5,119,,117.5,,,70,19265,237,81.29
Werribee,Metro Train,13,16.5,16,20,20,20,31,20,20,9,10,1473,44370,1014,43.76
Werribee/Williamstown,Metro Train,7,8,8.5,19,10,13.5,30.5,10,15,6,5,2402,25424,725,35.07
Williamstown,Metro Train,20,20,20,20,20,18.5,31,20,18,20,20,929,10928,322,33.94
Wyndham Vale,V/Line Train,16,20,25.5,47.5,20,20,38.5,20,20,17,17,789,30378,478,63.55
